scope,province,city,mainRecordCount,juniorPlan2021_2025,seniorPlan2021_2025,bachelorChannelPlan2021_2025,masterChannelPlan2021_2025,actualBachelorNomineesAllYears,actualMasterNomineesAllYears,actualBachelorNominees2021_2025,actualMasterNominees2021_2025,actualEvidenceRowsAllYears,uniqueActualEvidenceRowsAllYears,actualEvidenceRows2021_2025,uniqueActualEvidenceRows2021_2025,salaryEvidenceRows,salaryAmountEvidenceRows,officialSalaryAmountEvidenceRows,competitionEvidenceRows,actualRegistrationRows,openingRuleEvidenceRows,schoolSampleRows,lifeDataRows,effective2027Records,active2027Records,upcoming2027Records,sourceGradeUnknown,coverageUnknown2021_2025,completenessOverall,completenessOverallRecomputed,completenessMathConsistent,completenessDimensions,completenessDimensionDetails,sourceGrade_S,sourceGrade_A,sourceGrade_B,sourceGrade_C,sourceGrade_D,coverageA_2018_2025,coverageB_2018_2025,coverageC_2018_2025,coverageD_2018_2025,coverageA_2021_2025,coverageB_2021_2025,coverageC_2021_2025,coverageD_2021_2025,targetFit_A,targetFit_B,targetFit_C,targetFit_D,targetFit_unknown,employment_事业编,employment_备案制,employment_员额制,employment_合同制,employment_民办,employment_其他,employment_无法判断,unclassifiedEmploymentRows
province,浙江省,,420,259,55,51,16,25,21,11,6,29,28,14,14,65,1,0,13,1,14,129,67,20,2,0,0,0,33,,True,"{""actualBachelorEvidence"": 9, ""bachelorConditions"": 42, ""competition"": 9, ""current2027"": 44, ""employmentType"": 52, ""historicalCoverage"": 63, ""lifeData"": 37, ""plans"": 38, ""salary"": 0}",{},73,69,116,157,5,161,195,7,283,125,155,7,169,15,44,28,79,254,184,4,7,17,10,0,198,0
city,浙江省,嘉兴市,48,87,13,21,11,19,9,10,6,15,15,13,13,36,0,0,3,0,3,37,15,1,0,0,0,0,63,63,True,"{""actualBachelorEvidence"": 40, ""bachelorConditions"": 73, ""competition"": 40, ""current2027"": 60, ""employmentType"": 80, ""historicalCoverage"": 100, ""lifeData"": 75, ""plans"": 100, ""salary"": 0}","{""actualBachelorEvidence"": {""denominator"": 5, ""numerator"": 2, ""unit"": ""核心年份""}, ""bachelorConditions"": {""denominator"": 41, ""numerator"": 30, ""unit"": ""招聘记录""}, ""competition"": {""denominator"": 5, ""numerator"": 2, ""unit"": ""核心年份""}, ""current2027"": {""denominator"": 5, ""numerator"": 3, ""unit"": ""招聘路径""}, ""employmentType"": {""denominator"": 41, ""numerator"": 33, ""unit"": ""招聘记录""}, ""historicalCoverage"": {""denominator"": 35, ""numerator"": 35, ""unit"": ""区域-年份审计行""}, ""lifeData"": {""denominator"": 8, ""numerator"": 6, ""unit"": ""生活数据类别""}, ""plans"": {""denominator"": 5, ""numerator"": 5, ""unit"": ""核心年份""}, ""salary"": {""denominator"": 5, ""numerator"": 0, ""unit"": ""核心年份""}}",0,27,21,0,0,27,7,1,21,27,7,1,0,4,11,6,9,18,35,0,1,0,0,0,12,0
city,浙江省,杭州市,101,53,4,19,,3,7,1,0,5,5,1,1,10,0,0,6,1,5,20,16,3,0,0,0,0,49,49,True,"{""actualBachelorEvidence"": 40, ""bachelorConditions"": 18, ""competition"": 40, ""current2027"": 60, ""employmentType"": 67, ""historicalCoverage"": 69, ""lifeData"": 63, ""plans"": 80, ""salary"": 0}","{""actualBachelorEvidence"": {""denominator"": 5, ""numerator"": 2, ""unit"": ""核心年份""}, ""bachelorConditions"": {""denominator"": 78, ""numerator"": 14, ""unit"": ""招聘记录""}, ""competition"": {""denominator"": 5, ""numerator"": 2, ""unit"": ""核心年份""}, ""current2027"": {""denominator"": 5, ""numerator"": 3, ""unit"": ""招聘路径""}, ""employmentType"": {""denominator"": 78, ""numerator"": 52, ""unit"": ""招聘记录""}, ""historicalCoverage"": {""denominator"": 65, ""numerator"": 45, ""unit"": ""区域-年份审计行""}, ""lifeData"": {""denominator"": 8, ""numerator"": 5, ""unit"": ""生活数据类别""}, ""plans"": {""denominator"": 5, ""numerator"": 4, ""unit"": ""核心年份""}, ""salary"": {""denominator"": 5, ""numerator"": 0, ""unit"": ""核心年份""}}",12,2,22,60,5,39,44,0,21,13,32,0,20,6,6,2,2,85,65,0,0,1,2,0,33,0
city,浙江省,宁波市,62,74,17,11,4,3,5,,,9,8,0,0,6,0,0,4,0,1,7,5,2,0,0,0,0,42,42,True,"{""actualBachelorEvidence"": 20, ""bachelorConditions"": 10, ""competition"": 20, ""current2027"": 80, ""employmentType"": 14, ""historicalCoverage"": 85, ""lifeData"": 50, ""plans"": 100, ""salary"": 0}","{""actualBachelorEvidence"": {""denominator"": 5, ""numerator"": 1, ""unit"": ""核心年份""}, ""bachelorConditions"": {""denominator"": 21, ""numerator"": 2, ""unit"": ""招聘记录""}, ""competition"": {""denominator"": 5, ""numerator"": 1, ""unit"": ""核心年份""}, ""current2027"": {""denominator"": 5, ""numerator"": 4, ""unit"": ""招聘路径""}, ""employmentType"": {""denominator"": 21, ""numerator"": 3, ""unit"": ""招聘记录""}, ""historicalCoverage"": {""denominator"": 53, ""numerator"": 45, ""unit"": ""区域-年份审计行""}, ""lifeData"": {""denominator"": 8, ""numerator"": 4, ""unit"": ""生活数据类别""}, ""plans"": {""denominator"": 5, ""numerator"": 5, ""unit"": ""核心年份""}, ""salary"": {""denominator"": 5, ""numerator"": 0, ""unit"": ""核心年份""}}",0,11,22,29,0,34,19,0,30,28,17,0,8,0,5,1,4,52,7,0,0,1,1,0,53,0
city,浙江省,温州市,25,4,8,,,,,,,0,0,0,0,1,0,0,0,0,0,7,5,0,0,0,0,0,25,25,True,"{""actualBachelorEvidence"": 0, ""bachelorConditions"": 35, ""competition"": 0, ""current2027"": 20, ""employmentType"": 50, ""historicalCoverage"": 32, ""lifeData"": 25, ""plans"": 60, ""salary"": 0}","{""actualBachelorEvidence"": {""denominator"": 5, ""numerator"": 0, ""unit"": ""核心年份""}, ""bachelorConditions"": {""denominator"": 20, ""numerator"": 7, ""unit"": ""招聘记录""}, ""competition"": {""denominator"": 5, ""numerator"": 0, ""unit"": ""核心年份""}, ""current2027"": {""denominator"": 5, ""numerator"": 1, ""unit"": ""招聘路径""}, ""employmentType"": {""denominator"": 20, ""numerator"": 10, ""unit"": ""招聘记录""}, ""historicalCoverage"": {""denominator"": 60, ""numerator"": 19, ""unit"": ""区域-年份审计行""}, ""lifeData"": {""denominator"": 8, ""numerator"": 2, ""unit"": ""生活数据类别""}, ""plans"": {""denominator"": 5, ""numerator"": 3, ""unit"": ""核心年份""}, ""salary"": {""denominator"": 5, ""numerator"": 0, ""unit"": ""核心年份""}}",11,0,1,13,0,10,14,0,72,9,10,0,41,2,3,0,19,1,12,0,0,0,0,0,13,0
city,浙江省,绍兴市,36,41,13,,,,,,,0,0,0,0,4,0,0,0,0,1,7,5,4,0,0,0,0,53,53,True,"{""actualBachelorEvidence"": 0, ""bachelorConditions"": 100, ""competition"": 0, ""current2027"": 60, ""employmentType"": 93, ""historicalCoverage"": 83, ""lifeData"": 63, ""plans"": 80, ""salary"": 0}","{""actualBachelorEvidence"": {""denominator"": 5, ""numerator"": 0, ""unit"": ""核心年份""}, ""bachelorConditions"": {""denominator"": 28, ""numerator"": 28, ""unit"": ""招聘记录""}, ""competition"": {""denominator"": 5, ""numerator"": 0, ""unit"": ""核心年份""}, ""current2027"": {""denominator"": 5, ""numerator"": 3, ""unit"": ""招聘路径""}, ""employmentType"": {""denominator"": 28, ""numerator"": 26, ""unit"": ""招聘记录""}, ""historicalCoverage"": {""denominator"": 30, ""numerator"": 25, ""unit"": ""区域-年份审计行""}, ""lifeData"": {""denominator"": 8, ""numerator"": 5, ""unit"": ""生活数据类别""}, ""plans"": {""denominator"": 5, ""numerator"": 4, ""unit"": ""核心年份""}, ""salary"": {""denominator"": 5, ""numerator"": 0, ""unit"": ""核心年份""}}",11,10,2,13,0,17,7,1,23,17,7,1,5,1,13,18,4,0,26,0,0,0,3,0,7,0
city,浙江省,金华市,35,,,,,,,,,0,0,0,0,0,0,0,0,0,0,13,5,2,0,0,0,0,25,25,True,"{""actualBachelorEvidence"": 0, ""bachelorConditions"": 33, ""competition"": 0, ""current2027"": 60, ""employmentType"": 67, ""historicalCoverage"": 38, ""lifeData"": 25, ""plans"": 0, ""salary"": 0}","{""actualBachelorEvidence"": {""denominator"": 5, ""numerator"": 0, ""unit"": ""核心年份""}, ""bachelorConditions"": {""denominator"": 15, ""numerator"": 5, ""unit"": ""招聘记录""}, ""competition"": {""denominator"": 5, ""numerator"": 0, ""unit"": ""核心年份""}, ""current2027"": {""denominator"": 5, ""numerator"": 3, ""unit"": ""招聘路径""}, ""employmentType"": {""denominator"": 15, ""numerator"": 10, ""unit"": ""招聘记录""}, ""historicalCoverage"": {""denominator"": 45, ""numerator"": 17, ""unit"": ""区域-年份审计行""}, ""lifeData"": {""denominator"": 8, ""numerator"": 2, ""unit"": ""生活数据类别""}, ""plans"": {""denominator"": 5, ""numerator"": 0, ""unit"": ""核心年份""}, ""salary"": {""denominator"": 5, ""numerator"": 0, ""unit"": ""核心年份""}}",11,6,18,0,0,7,10,0,28,7,10,0,28,0,3,0,30,2,13,4,2,7,0,0,9,0
city,浙江省,湖州市,15,,,,,,,,,0,0,0,0,0,0,0,0,0,0,18,6,3,0,0,0,0,22,22,True,"{""actualBachelorEvidence"": 0, ""bachelorConditions"": 50, ""competition"": 0, ""current2027"": 60, ""employmentType"": 50, ""historicalCoverage"": 22, ""lifeData"": 13, ""plans"": 0, ""salary"": 0}","{""actualBachelorEvidence"": {""denominator"": 5, ""numerator"": 0, ""unit"": ""核心年份""}, ""bachelorConditions"": {""denominator"": 4, ""numerator"": 2, ""unit"": ""招聘记录""}, ""competition"": {""denominator"": 5, ""numerator"": 0, ""unit"": ""核心年份""}, ""current2027"": {""denominator"": 5, ""numerator"": 3, ""unit"": ""招聘路径""}, ""employmentType"": {""denominator"": 4, ""numerator"": 2, ""unit"": ""招聘记录""}, ""historicalCoverage"": {""denominator"": 27, ""numerator"": 6, ""unit"": ""区域-年份审计行""}, ""lifeData"": {""denominator"": 8, ""numerator"": 1, ""unit"": ""生活数据类别""}, ""plans"": {""denominator"": 5, ""numerator"": 0, ""unit"": ""核心年份""}, ""salary"": {""denominator"": 5, ""numerator"": 0, ""unit"": ""核心年份""}}",6,4,5,0,0,5,2,0,21,5,1,0,21,0,3,0,10,2,7,0,3,0,0,0,5,0
city,浙江省,台州市,19,,,,1,,,,,0,0,0,0,2,1,0,0,0,1,3,3,0,0,0,0,0,28,28,True,"{""actualBachelorEvidence"": 0, ""bachelorConditions"": 56, ""competition"": 0, ""current2027"": 20, ""employmentType"": 67, ""historicalCoverage"": 80, ""lifeData"": 25, ""plans"": 0, ""salary"": 0}","{""actualBachelorEvidence"": {""denominator"": 5, ""numerator"": 0, ""unit"": ""核心年份""}, ""bachelorConditions"": {""denominator"": 18, ""numerator"": 10, ""unit"": ""招聘记录""}, ""competition"": {""denominator"": 5, ""numerator"": 0, ""unit"": ""核心年份""}, ""current2027"": {""denominator"": 5, ""numerator"": 1, ""unit"": ""招聘路径""}, ""employmentType"": {""denominator"": 18, ""numerator"": 12, ""unit"": ""招聘记录""}, ""historicalCoverage"": {""denominator"": 46, ""numerator"": 37, ""unit"": ""区域-年份审计行""}, ""lifeData"": {""denominator"": 8, ""numerator"": 2, ""unit"": ""生活数据类别""}, ""plans"": {""denominator"": 5, ""numerator"": 0, ""unit"": ""核心年份""}, ""salary"": {""denominator"": 5, ""numerator"": 0, ""unit"": ""核心年份""}}",7,3,4,5,0,9,37,0,27,9,28,0,9,2,0,1,1,15,9,0,0,2,2,0,6,0
city,浙江省,衢州市,45,,,,,,,,,0,0,0,0,4,0,0,0,0,1,6,1,0,0,0,0,0,17,17,True,"{""actualBachelorEvidence"": 0, ""bachelorConditions"": 2, ""competition"": 0, ""current2027"": 20, ""employmentType"": 18, ""historicalCoverage"": 100, ""lifeData"": 13, ""plans"": 0, ""salary"": 0}","{""actualBachelorEvidence"": {""denominator"": 5, ""numerator"": 0, ""unit"": ""核心年份""}, ""bachelorConditions"": {""denominator"": 45, ""numerator"": 1, ""unit"": ""招聘记录""}, ""competition"": {""denominator"": 5, ""numerator"": 0, ""unit"": ""核心年份""}, ""current2027"": {""denominator"": 5, ""numerator"": 1, ""unit"": ""招聘路径""}, ""employmentType"": {""denominator"": 45, ""numerator"": 8, ""unit"": ""招聘记录""}, ""historicalCoverage"": {""denominator"": 30, ""numerator"": 30, ""unit"": ""区域-年份审计行""}, ""lifeData"": {""denominator"": 8, ""numerator"": 1, ""unit"": ""生活数据类别""}, ""plans"": {""denominator"": 5, ""numerator"": 0, ""unit"": ""核心年份""}, ""salary"": {""denominator"": 5, ""numerator"": 0, ""unit"": ""核心年份""}}",3,2,8,32,0,6,37,2,3,3,25,2,0,0,0,0,0,45,6,0,0,2,0,0,37,0
city,浙江省,舟山市,10,,,,,,,,,0,0,0,0,1,0,0,0,0,1,4,3,0,0,0,0,0,20,20,True,"{""actualBachelorEvidence"": 0, ""bachelorConditions"": 60, ""competition"": 0, ""current2027"": 20, ""employmentType"": 30, ""historicalCoverage"": 45, ""lifeData"": 25, ""plans"": 0, ""salary"": 0}","{""actualBachelorEvidence"": {""denominator"": 5, ""numerator"": 0, ""unit"": ""核心年份""}, ""bachelorConditions"": {""denominator"": 10, ""numerator"": 6, ""unit"": ""招聘记录""}, ""competition"": {""denominator"": 5, ""numerator"": 0, ""unit"": ""核心年份""}, ""current2027"": {""denominator"": 5, ""numerator"": 1, ""unit"": ""招聘路径""}, ""employmentType"": {""denominator"": 10, ""numerator"": 3, ""unit"": ""招聘记录""}, ""historicalCoverage"": {""denominator"": 20, ""numerator"": 9, ""unit"": ""区域-年份审计行""}, ""lifeData"": {""denominator"": 8, ""numerator"": 2, ""unit"": ""生活数据类别""}, ""plans"": {""denominator"": 5, ""numerator"": 0, ""unit"": ""核心年份""}, ""salary"": {""denominator"": 5, ""numerator"": 0, ""unit"": ""核心年份""}}",2,1,6,1,0,1,7,1,11,1,7,1,11,0,0,0,0,10,3,0,0,0,0,0,7,0
city,浙江省,丽水市,24,,,,,,,,,0,0,0,0,1,0,0,0,0,1,7,3,0,0,0,0,0,17,17,True,"{""actualBachelorEvidence"": 0, ""bachelorConditions"": 29, ""competition"": 0, ""current2027"": 20, ""employmentType"": 33, ""historicalCoverage"": 42, ""lifeData"": 25, ""plans"": 0, ""salary"": 0}","{""actualBachelorEvidence"": {""denominator"": 5, ""numerator"": 0, ""unit"": ""核心年份""}, ""bachelorConditions"": {""denominator"": 24, ""numerator"": 7, ""unit"": ""招聘记录""}, ""competition"": {""denominator"": 5, ""numerator"": 0, ""unit"": ""核心年份""}, ""current2027"": {""denominator"": 5, ""numerator"": 1, ""unit"": ""招聘路径""}, ""employmentType"": {""denominator"": 24, ""numerator"": 8, ""unit"": ""招聘记录""}, ""historicalCoverage"": {""denominator"": 45, ""numerator"": 19, ""unit"": ""区域-年份审计行""}, ""lifeData"": {""denominator"": 8, ""numerator"": 2, ""unit"": ""生活数据类别""}, ""plans"": {""denominator"": 5, ""numerator"": 0, ""unit"": ""核心年份""}, ""salary"": {""denominator"": 5, ""numerator"": 0, ""unit"": ""核心年份""}}",10,3,7,4,0,6,11,2,26,6,11,2,26,0,0,0,0,24,1,0,1,4,2,0,16,0
province,江苏省,,655,583,660,304,450,95,62,69,14,54,54,24,24,53,6,0,23,3,19,137,26,15,0,0,0,0,39,,True,"{""actualBachelorEvidence"": 31, ""bachelorConditions"": 44, ""competition"": 23, ""current2027"": 52, ""employmentType"": 48, ""historicalCoverage"": 83, ""lifeData"": 10, ""plans"": 63, ""salary"": 0}",{},23,206,365,24,37,216,289,1,233,215,283,1,111,38,53,15,38,511,310,0,0,1,6,1,337,0
city,江苏省,南京市,33,181,165,0,156,3,24,,,10,10,0,0,7,0,0,5,0,5,16,12,1,0,0,0,0,68,68,True,"{""actualBachelorEvidence"": 20, ""bachelorConditions"": 90, ""competition"": 100, ""current2027"": 60, ""employmentType"": 100, ""historicalCoverage"": 100, ""lifeData"": 63, ""plans"": 80, ""salary"": 0}","{""actualBachelorEvidence"": {""denominator"": 5, ""numerator"": 1, ""unit"": ""核心年份""}, ""bachelorConditions"": {""denominator"": 31, ""numerator"": 28, ""unit"": ""招聘记录""}, ""competition"": {""denominator"": 5, ""numerator"": 5, ""unit"": ""核心年份""}, ""current2027"": {""denominator"": 5, ""numerator"": 3, ""unit"": ""招聘路径""}, ""employmentType"": {""denominator"": 31, ""numerator"": 31, ""unit"": ""招聘记录""}, ""historicalCoverage"": {""denominator"": 5, ""numerator"": 5, ""unit"": ""区域-年份审计行""}, ""lifeData"": {""denominator"": 8, ""numerator"": 5, ""unit"": ""生活数据类别""}, ""plans"": {""denominator"": 5, ""numerator"": 4, ""unit"": ""核心年份""}, ""salary"": {""denominator"": 5, ""numerator"": 0, ""unit"": ""核心年份""}}",0,17,16,0,0,5,0,0,0,5,0,0,0,0,15,6,10,2,33,0,0,0,0,0,0,0
city,江苏省,无锡市,22,21,32,25,29,10,21,,,9,9,0,0,8,2,0,5,0,5,18,9,0,0,0,0,0,45,45,True,"{""actualBachelorEvidence"": 80, ""bachelorConditions"": 20, ""competition"": 100, ""current2027"": 20, ""employmentType"": 20, ""historicalCoverage"": 46, ""lifeData"": 63, ""plans"": 60, ""salary"": 0}","{""actualBachelorEvidence"": {""denominator"": 5, ""numerator"": 4, ""unit"": ""核心年份""}, ""bachelorConditions"": {""denominator"": 10, ""numerator"": 2, ""unit"": ""招聘记录""}, ""competition"": {""denominator"": 5, ""numerator"": 5, ""unit"": ""核心年份""}, ""current2027"": {""denominator"": 5, ""numerator"": 1, ""unit"": ""招聘路径""}, ""employmentType"": {""denominator"": 10, ""numerator"": 2, ""unit"": ""招聘记录""}, ""historicalCoverage"": {""denominator"": 50, ""numerator"": 23, ""unit"": ""区域-年份审计行""}, ""lifeData"": {""denominator"": 8, ""numerator"": 5, ""unit"": ""生活数据类别""}, ""plans"": {""denominator"": 5, ""numerator"": 3, ""unit"": ""核心年份""}, ""salary"": {""denominator"": 5, ""numerator"": 0, ""unit"": ""核心年份""}}",4,3,3,12,0,17,13,0,50,16,7,0,27,0,3,2,1,16,13,0,0,0,0,0,9,0
city,江苏省,徐州市,29,8,44,15,42,8,1,,,3,3,0,0,3,0,0,2,0,1,13,5,0,0,0,0,0,33,33,True,"{""actualBachelorEvidence"": 40, ""bachelorConditions"": 14, ""competition"": 20, ""current2027"": 60, ""employmentType"": 7, ""historicalCoverage"": 100, ""lifeData"": 0, ""plans"": 60, ""salary"": 0}","{""actualBachelorEvidence"": {""denominator"": 5, ""numerator"": 2, ""unit"": ""核心年份""}, ""bachelorConditions"": {""denominator"": 29, ""numerator"": 4, ""unit"": ""招聘记录""}, ""competition"": {""denominator"": 5, ""numerator"": 1, ""unit"": ""核心年份""}, ""current2027"": {""denominator"": 5, ""numerator"": 3, ""unit"": ""招聘路径""}, ""employmentType"": {""denominator"": 29, ""numerator"": 2, ""unit"": ""招聘记录""}, ""historicalCoverage"": {""denominator"": 65, ""numerator"": 65, ""unit"": ""区域-年份审计行""}, ""lifeData"": {""denominator"": 8, ""numerator"": 0, ""unit"": ""生活数据类别""}, ""plans"": {""denominator"": 5, ""numerator"": 3, ""unit"": ""核心年份""}, ""salary"": {""denominator"": 5, ""numerator"": 0, ""unit"": ""核心年份""}}",0,9,15,5,0,23,42,0,39,23,42,0,0,0,2,0,2,25,2,0,0,0,0,0,27,0
city,江苏省,常州市,43,12,73,5,,,,,,0,0,0,0,3,0,0,1,0,1,17,0,0,0,0,0,0,23,23,True,"{""actualBachelorEvidence"": 0, ""bachelorConditions"": 7, ""competition"": 0, ""current2027"": 60, ""employmentType"": 2, ""historicalCoverage"": 98, ""lifeData"": 0, ""plans"": 40, ""salary"": 0}","{""actualBachelorEvidence"": {""denominator"": 5, ""numerator"": 0, ""unit"": ""核心年份""}, ""bachelorConditions"": {""denominator"": 43, ""numerator"": 3, ""unit"": ""招聘记录""}, ""competition"": {""denominator"": 5, ""numerator"": 0, ""unit"": ""核心年份""}, ""current2027"": {""denominator"": 5, ""numerator"": 3, ""unit"": ""招聘路径""}, ""employmentType"": {""denominator"": 43, ""numerator"": 1, ""unit"": ""招聘记录""}, ""historicalCoverage"": {""denominator"": 45, ""numerator"": 44, ""unit"": ""区域-年份审计行""}, ""lifeData"": {""denominator"": 8, ""numerator"": 0, ""unit"": ""生活数据类别""}, ""plans"": {""denominator"": 5, ""numerator"": 2, ""unit"": ""核心年份""}, ""salary"": {""denominator"": 5, ""numerator"": 0, ""unit"": ""核心年份""}}",0,2,39,2,0,4,40,0,28,4,40,0,1,0,2,0,0,41,0,0,0,0,1,0,42,0
city,江苏省,苏州市,41,122,95,122,42,2,2,,,3,3,0,0,4,1,0,1,0,1,7,0,2,0,0,0,0,39,39,True,"{""actualBachelorEvidence"": 20, ""bachelorConditions"": 37, ""competition"": 0, ""current2027"": 60, ""employmentType"": 100, ""historicalCoverage"": 56, ""lifeData"": 0, ""plans"": 80, ""salary"": 0}","{""actualBachelorEvidence"": {""denominator"": 5, ""numerator"": 1, ""unit"": ""核心年份""}, ""bachelorConditions"": {""denominator"": 41, ""numerator"": 15, ""unit"": ""招聘记录""}, ""competition"": {""denominator"": 5, ""numerator"": 0, ""unit"": ""核心年份""}, ""current2027"": {""denominator"": 5, ""numerator"": 3, ""unit"": ""招聘路径""}, ""employmentType"": {""denominator"": 41, ""numerator"": 41, ""unit"": ""招聘记录""}, ""historicalCoverage"": {""denominator"": 55, ""numerator"": 31, ""unit"": ""区域-年份审计行""}, ""lifeData"": {""denominator"": 8, ""numerator"": 0, ""unit"": ""生活数据类别""}, ""plans"": {""denominator"": 5, ""numerator"": 4, ""unit"": ""核心年份""}, ""salary"": {""denominator"": 5, ""numerator"": 0, ""unit"": ""核心年份""}}",17,14,5,5,0,16,15,0,57,16,15,0,24,1,10,0,3,27,41,0,0,0,0,0,0,0
city,江苏省,南通市,48,46,36,42,82,15,2,15,2,9,9,9,9,4,1,0,1,0,1,7,0,1,0,0,0,0,51,51,True,"{""actualBachelorEvidence"": 60, ""bachelorConditions"": 100, ""competition"": 0, ""current2027"": 60, ""employmentType"": 100, ""historicalCoverage"": 82, ""lifeData"": 0, ""plans"": 60, ""salary"": 0}","{""actualBachelorEvidence"": {""denominator"": 5, ""numerator"": 3, ""unit"": ""核心年份""}, ""bachelorConditions"": {""denominator"": 14, ""numerator"": 14, ""unit"": ""招聘记录""}, ""competition"": {""denominator"": 5, ""numerator"": 0, ""unit"": ""核心年份""}, ""current2027"": {""denominator"": 5, ""numerator"": 3, ""unit"": ""招聘路径""}, ""employmentType"": {""denominator"": 14, ""numerator"": 14, ""unit"": ""招聘记录""}, ""historicalCoverage"": {""denominator"": 55, ""numerator"": 45, ""unit"": ""区域-年份审计行""}, ""lifeData"": {""denominator"": 8, ""numerator"": 0, ""unit"": ""生活数据类别""}, ""plans"": {""denominator"": 5, ""numerator"": 3, ""unit"": ""核心年份""}, ""salary"": {""denominator"": 5, ""numerator"": 0, ""unit"": ""核心年份""}}",0,16,32,0,0,14,31,0,10,14,31,0,10,8,3,0,3,34,48,0,0,0,0,0,0,0
city,江苏省,连云港市,42,35,16,,,,,,,0,0,0,0,2,0,0,1,1,0,9,0,0,0,0,0,0,34,34,True,"{""actualBachelorEvidence"": 0, ""bachelorConditions"": 33, ""competition"": 0, ""current2027"": 40, ""employmentType"": 100, ""historicalCoverage"": 76, ""lifeData"": 0, ""plans"": 60, ""salary"": 0}","{""actualBachelorEvidence"": {""denominator"": 5, ""numerator"": 0, ""unit"": ""核心年份""}, ""bachelorConditions"": {""denominator"": 15, ""numerator"": 5, ""unit"": ""招聘记录""}, ""competition"": {""denominator"": 5, ""numerator"": 0, ""unit"": ""核心年份""}, ""current2027"": {""denominator"": 5, ""numerator"": 2, ""unit"": ""招聘路径""}, ""employmentType"": {""denominator"": 15, ""numerator"": 15, ""unit"": ""招聘记录""}, ""historicalCoverage"": {""denominator"": 50, ""numerator"": 38, ""unit"": ""区域-年份审计行""}, ""lifeData"": {""denominator"": 8, ""numerator"": 0, ""unit"": ""生活数据类别""}, ""plans"": {""denominator"": 5, ""numerator"": 3, ""unit"": ""核心年份""}, ""salary"": {""denominator"": 5, ""numerator"": 0, ""unit"": ""核心年份""}}",0,8,34,0,0,15,23,0,12,15,23,0,12,2,0,0,3,37,41,0,0,1,0,0,0,0
city,江苏省,淮安市,83,41,30,33,,3,,,,5,5,0,0,4,0,0,1,0,1,12,0,2,0,0,0,0,43,43,True,"{""actualBachelorEvidence"": 20, ""bachelorConditions"": 71, ""competition"": 0, ""current2027"": 60, ""employmentType"": 94, ""historicalCoverage"": 85, ""lifeData"": 0, ""plans"": 60, ""salary"": 0}","{""actualBachelorEvidence"": {""denominator"": 5, ""numerator"": 1, ""unit"": ""核心年份""}, ""bachelorConditions"": {""denominator"": 17, ""numerator"": 12, ""unit"": ""招聘记录""}, ""competition"": {""denominator"": 5, ""numerator"": 0, ""unit"": ""核心年份""}, ""current2027"": {""denominator"": 5, ""numerator"": 3, ""unit"": ""招聘路径""}, ""employmentType"": {""denominator"": 17, ""numerator"": 16, ""unit"": ""招聘记录""}, ""historicalCoverage"": {""denominator"": 55, ""numerator"": 47, ""unit"": ""区域-年份审计行""}, ""lifeData"": {""denominator"": 8, ""numerator"": 0, ""unit"": ""生活数据类别""}, ""plans"": {""denominator"": 5, ""numerator"": 3, ""unit"": ""核心年份""}, ""salary"": {""denominator"": 5, ""numerator"": 0, ""unit"": ""核心年份""}}",2,21,52,0,8,20,27,0,8,20,27,0,8,9,2,1,0,71,80,0,0,0,2,0,1,0
city,江苏省,盐城市,78,66,85,34,79,1,0,1,0,1,1,1,1,3,0,0,1,0,1,8,0,0,0,0,0,0,30,30,True,"{""actualBachelorEvidence"": 20, ""bachelorConditions"": 0, ""competition"": 0, ""current2027"": 60, ""employmentType"": 0, ""historicalCoverage"": 88, ""lifeData"": 0, ""plans"": 100, ""salary"": 0}","{""actualBachelorEvidence"": {""denominator"": 5, ""numerator"": 1, ""unit"": ""核心年份""}, ""bachelorConditions"": {""denominator"": 0, ""numerator"": 0, ""unit"": ""招聘记录""}, ""competition"": {""denominator"": 5, ""numerator"": 0, ""unit"": ""核心年份""}, ""current2027"": {""denominator"": 5, ""numerator"": 3, ""unit"": ""招聘路径""}, ""employmentType"": {""denominator"": 0, ""numerator"": 0, ""unit"": ""招聘记录""}, ""historicalCoverage"": {""denominator"": 60, ""numerator"": 53, ""unit"": ""区域-年份审计行""}, ""lifeData"": {""denominator"": 8, ""numerator"": 0, ""unit"": ""生活数据类别""}, ""plans"": {""denominator"": 5, ""numerator"": 5, ""unit"": ""核心年份""}, ""salary"": {""denominator"": 5, ""numerator"": 0, ""unit"": ""核心年份""}}",0,53,18,0,7,36,16,1,7,36,16,1,7,11,3,3,12,49,0,0,0,0,0,0,78,0
city,江苏省,扬州市,70,24,19,26,19,7,3,7,3,3,3,3,3,4,0,0,2,2,0,8,0,1,0,0,0,0,44,44,True,"{""actualBachelorEvidence"": 20, ""bachelorConditions"": 100, ""competition"": 20, ""current2027"": 60, ""employmentType"": 0, ""historicalCoverage"": 92, ""lifeData"": 0, ""plans"": 100, ""salary"": 0}","{""actualBachelorEvidence"": {""denominator"": 5, ""numerator"": 1, ""unit"": ""核心年份""}, ""bachelorConditions"": {""denominator"": 1, ""numerator"": 1, ""unit"": ""招聘记录""}, ""competition"": {""denominator"": 5, ""numerator"": 1, ""unit"": ""核心年份""}, ""current2027"": {""denominator"": 5, ""numerator"": 3, ""unit"": ""招聘路径""}, ""employmentType"": {""denominator"": 1, ""numerator"": 0, ""unit"": ""招聘记录""}, ""historicalCoverage"": {""denominator"": 50, ""numerator"": 46, ""unit"": ""区域-年份审计行""}, ""lifeData"": {""denominator"": 8, ""numerator"": 0, ""unit"": ""生活数据类别""}, ""plans"": {""denominator"": 5, ""numerator"": 5, ""unit"": ""核心年份""}, ""salary"": {""denominator"": 5, ""numerator"": 0, ""unit"": ""核心年份""}}",0,19,47,0,4,25,21,0,4,25,21,0,4,6,4,2,3,55,0,0,0,0,1,0,69,0
city,江苏省,镇江市,57,18,13,,,3,,3,,3,3,3,3,3,0,0,1,0,1,8,0,1,0,0,0,0,49,49,True,"{""actualBachelorEvidence"": 40, ""bachelorConditions"": 100, ""competition"": 20, ""current2027"": 60, ""employmentType"": 100, ""historicalCoverage"": 83, ""lifeData"": 0, ""plans"": 40, ""salary"": 0}","{""actualBachelorEvidence"": {""denominator"": 5, ""numerator"": 2, ""unit"": ""核心年份""}, ""bachelorConditions"": {""denominator"": 1, ""numerator"": 1, ""unit"": ""招聘记录""}, ""competition"": {""denominator"": 5, ""numerator"": 1, ""unit"": ""核心年份""}, ""current2027"": {""denominator"": 5, ""numerator"": 3, ""unit"": ""招聘路径""}, ""employmentType"": {""denominator"": 1, ""numerator"": 1, ""unit"": ""招聘记录""}, ""historicalCoverage"": {""denominator"": 40, ""numerator"": 33, ""unit"": ""区域-年份审计行""}, ""lifeData"": {""denominator"": 8, ""numerator"": 0, ""unit"": ""生活数据类别""}, ""plans"": {""denominator"": 5, ""numerator"": 2, ""unit"": ""核心年份""}, ""salary"": {""denominator"": 5, ""numerator"": 0, ""unit"": ""核心年份""}}",0,1,49,0,7,19,14,0,7,19,14,0,7,0,0,0,0,57,0,0,0,0,0,1,56,0
city,江苏省,泰州市,49,2,3,2,1,5,2,5,2,4,4,4,4,4,0,0,1,0,1,7,0,2,0,0,0,0,29,29,True,"{""actualBachelorEvidence"": 40, ""bachelorConditions"": 0, ""competition"": 20, ""current2027"": 60, ""employmentType"": 0, ""historicalCoverage"": 97, ""lifeData"": 0, ""plans"": 40, ""salary"": 0}","{""actualBachelorEvidence"": {""denominator"": 5, ""numerator"": 2, ""unit"": ""核心年份""}, ""bachelorConditions"": {""denominator"": 0, ""numerator"": 0, ""unit"": ""招聘记录""}, ""competition"": {""denominator"": 5, ""numerator"": 1, ""unit"": ""核心年份""}, ""current2027"": {""denominator"": 5, ""numerator"": 3, ""unit"": ""招聘路径""}, ""employmentType"": {""denominator"": 0, ""numerator"": 0, ""unit"": ""招聘记录""}, ""historicalCoverage"": {""denominator"": 35, ""numerator"": 34, ""unit"": ""区域-年份审计行""}, ""lifeData"": {""denominator"": 8, ""numerator"": 0, ""unit"": ""生活数据类别""}, ""plans"": {""denominator"": 5, ""numerator"": 2, ""unit"": ""核心年份""}, ""salary"": {""denominator"": 5, ""numerator"": 0, ""unit"": ""核心年份""}}",0,27,21,0,1,11,23,0,1,11,23,0,1,1,2,0,1,45,47,0,0,0,2,0,0,0
city,江苏省,宿迁市,60,7,49,,,38,7,38,7,4,4,4,4,4,2,0,1,0,1,7,0,0,0,0,0,0,22,22,True,"{""actualBachelorEvidence"": 40, ""bachelorConditions"": 0, ""competition"": 20, ""current2027"": 20, ""employmentType"": 0, ""historicalCoverage"": 78, ""lifeData"": 0, ""plans"": 40, ""salary"": 0}","{""actualBachelorEvidence"": {""denominator"": 5, ""numerator"": 2, ""unit"": ""核心年份""}, ""bachelorConditions"": {""denominator"": 0, ""numerator"": 0, ""unit"": ""招聘记录""}, ""competition"": {""denominator"": 5, ""numerator"": 1, ""unit"": ""核心年份""}, ""current2027"": {""denominator"": 5, ""numerator"": 1, ""unit"": ""招聘路径""}, ""employmentType"": {""denominator"": 0, ""numerator"": 0, ""unit"": ""招聘记录""}, ""historicalCoverage"": {""denominator"": 45, ""numerator"": 35, ""unit"": ""区域-年份审计行""}, ""lifeData"": {""denominator"": 8, ""numerator"": 0, ""unit"": ""生活数据类别""}, ""plans"": {""denominator"": 5, ""numerator"": 2, ""unit"": ""核心年份""}, ""salary"": {""denominator"": 5, ""numerator"": 0, ""unit"": ""核心年份""}}",0,16,34,0,10,11,24,0,10,11,24,0,10,0,7,1,0,52,5,0,0,0,0,0,55,0
province,山东省,,341,800,337,287,101,,,,,3,3,0,0,161,10,2,130,111,3,143,27,6,0,0,0,0,42,,False,"{""actualBachelorEvidence"": 0, ""bachelorConditions"": 49, ""competition"": 71, ""current2027"": 38, ""employmentType"": 16, ""historicalCoverage"": 100, ""lifeData"": 16, ""plans"": 91, ""salary"": 2}",{},27,36,183,95,0,77,3,0,0,77,3,0,0,29,29,29,28,226,66,0,0,4,7,0,264,0
city,山东省,济南市,17,10,20,,,,,,,1,1,0,0,2,0,0,1,0,0,8,4,0,0,0,0,0,33,33,True,"{""actualBachelorEvidence"": 0, ""bachelorConditions"": 0, ""competition"": 20, ""current2027"": 40, ""employmentType"": 0, ""historicalCoverage"": 100, ""lifeData"": 38, ""plans"": 100, ""salary"": 0}","{""actualBachelorEvidence"": {""denominator"": 5, ""numerator"": 0, ""unit"": ""核心年份""}, ""bachelorConditions"": {""denominator"": 0, ""numerator"": 0, ""unit"": ""招聘记录""}, ""competition"": {""denominator"": 5, ""numerator"": 1, ""unit"": ""核心年份""}, ""current2027"": {""denominator"": 5, ""numerator"": 2, ""unit"": ""招聘路径""}, ""employmentType"": {""denominator"": 0, ""numerator"": 0, ""unit"": ""招聘记录""}, ""historicalCoverage"": {""denominator"": 5, ""numerator"": 5, ""unit"": ""区域-年份审计行""}, ""lifeData"": {""denominator"": 8, ""numerator"": 3, ""unit"": ""生活数据类别""}, ""plans"": {""denominator"": 5, ""numerator"": 5, ""unit"": ""核心年份""}, ""salary"": {""denominator"": 5, ""numerator"": 0, ""unit"": ""核心年份""}}",0,15,2,0,0,5,0,0,0,5,0,0,0,0,7,1,1,8,0,0,0,0,0,0,17,0
city,山东省,青岛市,18,4,15,2,17,,,,,1,1,0,0,5,1,0,1,0,1,9,4,2,0,0,0,0,37,37,True,"{""actualBachelorEvidence"": 0, ""bachelorConditions"": 100, ""competition"": 0, ""current2027"": 60, ""employmentType"": 7, ""historicalCoverage"": 100, ""lifeData"": 25, ""plans"": 40, ""salary"": 0}","{""actualBachelorEvidence"": {""denominator"": 5, ""numerator"": 0, ""unit"": ""核心年份""}, ""bachelorConditions"": {""denominator"": 15, ""numerator"": 15, ""unit"": ""招聘记录""}, ""competition"": {""denominator"": 5, ""numerator"": 0, ""unit"": ""核心年份""}, ""current2027"": {""denominator"": 5, ""numerator"": 3, ""unit"": ""招聘路径""}, ""employmentType"": {""denominator"": 15, ""numerator"": 1, ""unit"": ""招聘记录""}, ""historicalCoverage"": {""denominator"": 5, ""numerator"": 5, ""unit"": ""区域-年份审计行""}, ""lifeData"": {""denominator"": 8, ""numerator"": 2, ""unit"": ""生活数据类别""}, ""plans"": {""denominator"": 5, ""numerator"": 2, ""unit"": ""核心年份""}, ""salary"": {""denominator"": 5, ""numerator"": 0, ""unit"": ""核心年份""}}",0,4,14,0,0,3,2,0,0,3,2,0,0,0,0,2,11,5,1,0,0,0,0,0,17,0
city,山东省,淄博市,22,22,20,2,,,,,,0,0,0,0,6,0,0,5,5,0,9,4,0,0,0,0,0,41,41,True,"{""actualBachelorEvidence"": 0, ""bachelorConditions"": 32, ""competition"": 60, ""current2027"": 40, ""employmentType"": 0, ""historicalCoverage"": 100, ""lifeData"": 38, ""plans"": 100, ""salary"": 0}","{""actualBachelorEvidence"": {""denominator"": 5, ""numerator"": 0, ""unit"": ""核心年份""}, ""bachelorConditions"": {""denominator"": 19, ""numerator"": 6, ""unit"": ""招聘记录""}, ""competition"": {""denominator"": 5, ""numerator"": 3, ""unit"": ""核心年份""}, ""current2027"": {""denominator"": 5, ""numerator"": 2, ""unit"": ""招聘路径""}, ""employmentType"": {""denominator"": 19, ""numerator"": 0, ""unit"": ""招聘记录""}, ""historicalCoverage"": {""denominator"": 5, ""numerator"": 5, ""unit"": ""区域-年份审计行""}, ""lifeData"": {""denominator"": 8, ""numerator"": 3, ""unit"": ""生活数据类别""}, ""plans"": {""denominator"": 5, ""numerator"": 5, ""unit"": ""核心年份""}, ""salary"": {""denominator"": 5, ""numerator"": 0, ""unit"": ""核心年份""}}",0,3,18,1,0,5,0,0,0,5,0,0,0,0,1,2,2,17,0,0,0,0,0,0,22,0
city,山东省,枣庄市,23,72,45,,,,,,,0,0,0,0,17,1,1,15,15,0,10,0,2,0,0,0,0,46,46,True,"{""actualBachelorEvidence"": 0, ""bachelorConditions"": 26, ""competition"": 100, ""current2027"": 60, ""employmentType"": 5, ""historicalCoverage"": 100, ""lifeData"": 0, ""plans"": 100, ""salary"": 20}","{""actualBachelorEvidence"": {""denominator"": 5, ""numerator"": 0, ""unit"": ""核心年份""}, ""bachelorConditions"": {""denominator"": 19, ""numerator"": 5, ""unit"": ""招聘记录""}, ""competition"": {""denominator"": 5, ""numerator"": 5, ""unit"": ""核心年份""}, ""current2027"": {""denominator"": 5, ""numerator"": 3, ""unit"": ""招聘路径""}, ""employmentType"": {""denominator"": 19, ""numerator"": 1, ""unit"": ""招聘记录""}, ""historicalCoverage"": {""denominator"": 5, ""numerator"": 5, ""unit"": ""区域-年份审计行""}, ""lifeData"": {""denominator"": 8, ""numerator"": 0, ""unit"": ""生活数据类别""}, ""plans"": {""denominator"": 5, ""numerator"": 5, ""unit"": ""核心年份""}, ""salary"": {""denominator"": 5, ""numerator"": 1, ""unit"": ""核心年份""}}",0,0,23,0,0,5,0,0,0,5,0,0,0,2,0,3,0,18,0,0,0,1,0,0,22,0
city,山东省,东营市,30,102,14,26,,,,,,0,0,0,0,19,1,1,17,17,0,9,0,0,0,0,0,0,44,44,True,"{""actualBachelorEvidence"": 0, ""bachelorConditions"": 48, ""competition"": 100, ""current2027"": 20, ""employmentType"": 4, ""historicalCoverage"": 100, ""lifeData"": 0, ""plans"": 100, ""salary"": 20}","{""actualBachelorEvidence"": {""denominator"": 5, ""numerator"": 0, ""unit"": ""核心年份""}, ""bachelorConditions"": {""denominator"": 27, ""numerator"": 13, ""unit"": ""招聘记录""}, ""competition"": {""denominator"": 5, ""numerator"": 5, ""unit"": ""核心年份""}, ""current2027"": {""denominator"": 5, ""numerator"": 1, ""unit"": ""招聘路径""}, ""employmentType"": {""denominator"": 27, ""numerator"": 1, ""unit"": ""招聘记录""}, ""historicalCoverage"": {""denominator"": 5, ""numerator"": 5, ""unit"": ""区域-年份审计行""}, ""lifeData"": {""denominator"": 8, ""numerator"": 0, ""unit"": ""生活数据类别""}, ""plans"": {""denominator"": 5, ""numerator"": 5, ""unit"": ""核心年份""}, ""salary"": {""denominator"": 5, ""numerator"": 1, ""unit"": ""核心年份""}}",0,0,30,0,0,5,0,0,0,5,0,0,0,3,2,4,4,17,1,0,0,0,0,0,29,0
city,山东省,烟台市,12,34,14,29,6,,,,,0,0,0,0,9,1,0,6,0,0,8,4,0,0,0,0,0,48,48,True,"{""actualBachelorEvidence"": 0, ""bachelorConditions"": 56, ""competition"": 80, ""current2027"": 60, ""employmentType"": 0, ""historicalCoverage"": 100, ""lifeData"": 38, ""plans"": 100, ""salary"": 0}","{""actualBachelorEvidence"": {""denominator"": 5, ""numerator"": 0, ""unit"": ""核心年份""}, ""bachelorConditions"": {""denominator"": 9, ""numerator"": 5, ""unit"": ""招聘记录""}, ""competition"": {""denominator"": 5, ""numerator"": 4, ""unit"": ""核心年份""}, ""current2027"": {""denominator"": 5, ""numerator"": 3, ""unit"": ""招聘路径""}, ""employmentType"": {""denominator"": 9, ""numerator"": 0, ""unit"": ""招聘记录""}, ""historicalCoverage"": {""denominator"": 5, ""numerator"": 5, ""unit"": ""区域-年份审计行""}, ""lifeData"": {""denominator"": 8, ""numerator"": 3, ""unit"": ""生活数据类别""}, ""plans"": {""denominator"": 5, ""numerator"": 5, ""unit"": ""核心年份""}, ""salary"": {""denominator"": 5, ""numerator"": 0, ""unit"": ""核心年份""}}",0,0,12,0,0,5,0,0,0,5,0,0,0,1,1,2,2,6,0,0,0,0,0,0,12,0
city,山东省,潍坊市,44,70,29,9,5,,,,,0,0,0,0,5,2,0,2,0,1,7,0,1,0,0,0,0,44,44,True,"{""actualBachelorEvidence"": 0, ""bachelorConditions"": 32, ""competition"": 0, ""current2027"": 80, ""employmentType"": 100, ""historicalCoverage"": 100, ""lifeData"": 0, ""plans"": 80, ""salary"": 0}","{""actualBachelorEvidence"": {""denominator"": 5, ""numerator"": 0, ""unit"": ""核心年份""}, ""bachelorConditions"": {""denominator"": 28, ""numerator"": 9, ""unit"": ""招聘记录""}, ""competition"": {""denominator"": 5, ""numerator"": 0, ""unit"": ""核心年份""}, ""current2027"": {""denominator"": 5, ""numerator"": 4, ""unit"": ""招聘路径""}, ""employmentType"": {""denominator"": 28, ""numerator"": 28, ""unit"": ""招聘记录""}, ""historicalCoverage"": {""denominator"": 5, ""numerator"": 5, ""unit"": ""区域-年份审计行""}, ""lifeData"": {""denominator"": 8, ""numerator"": 0, ""unit"": ""生活数据类别""}, ""plans"": {""denominator"": 5, ""numerator"": 4, ""unit"": ""核心年份""}, ""salary"": {""denominator"": 5, ""numerator"": 0, ""unit"": ""核心年份""}}",0,0,44,0,0,4,1,0,0,4,1,0,0,0,6,0,1,37,39,0,0,1,3,0,1,0
city,山东省,济宁市,35,34,41,11,3,,,,,1,1,0,0,13,0,0,11,10,0,7,2,0,0,0,0,0,49,49,True,"{""actualBachelorEvidence"": 0, ""bachelorConditions"": 100, ""competition"": 100, ""current2027"": 20, ""employmentType"": 0, ""historicalCoverage"": 100, ""lifeData"": 25, ""plans"": 100, ""salary"": 0}","{""actualBachelorEvidence"": {""denominator"": 5, ""numerator"": 0, ""unit"": ""核心年份""}, ""bachelorConditions"": {""denominator"": 1, ""numerator"": 1, ""unit"": ""招聘记录""}, ""competition"": {""denominator"": 5, ""numerator"": 5, ""unit"": ""核心年份""}, ""current2027"": {""denominator"": 5, ""numerator"": 1, ""unit"": ""招聘路径""}, ""employmentType"": {""denominator"": 1, ""numerator"": 0, ""unit"": ""招聘记录""}, ""historicalCoverage"": {""denominator"": 5, ""numerator"": 5, ""unit"": ""区域-年份审计行""}, ""lifeData"": {""denominator"": 8, ""numerator"": 2, ""unit"": ""生活数据类别""}, ""plans"": {""denominator"": 5, ""numerator"": 5, ""unit"": ""核心年份""}, ""salary"": {""denominator"": 5, ""numerator"": 0, ""unit"": ""核心年份""}}",15,6,14,0,0,5,0,0,0,5,0,0,0,1,2,8,1,23,0,0,0,0,2,0,33,0
city,山东省,泰安市,22,82,28,35,36,,,,,0,0,0,0,18,0,0,18,18,0,9,4,0,0,0,0,0,52,52,True,"{""actualBachelorEvidence"": 0, ""bachelorConditions"": 33, ""competition"": 80, ""current2027"": 20, ""employmentType"": 100, ""historicalCoverage"": 100, ""lifeData"": 38, ""plans"": 100, ""salary"": 0}","{""actualBachelorEvidence"": {""denominator"": 5, ""numerator"": 0, ""unit"": ""核心年份""}, ""bachelorConditions"": {""denominator"": 3, ""numerator"": 1, ""unit"": ""招聘记录""}, ""competition"": {""denominator"": 5, ""numerator"": 4, ""unit"": ""核心年份""}, ""current2027"": {""denominator"": 5, ""numerator"": 1, ""unit"": ""招聘路径""}, ""employmentType"": {""denominator"": 3, ""numerator"": 3, ""unit"": ""招聘记录""}, ""historicalCoverage"": {""denominator"": 5, ""numerator"": 5, ""unit"": ""区域-年份审计行""}, ""lifeData"": {""denominator"": 8, ""numerator"": 3, ""unit"": ""生活数据类别""}, ""plans"": {""denominator"": 5, ""numerator"": 5, ""unit"": ""核心年份""}, ""salary"": {""denominator"": 5, ""numerator"": 0, ""unit"": ""核心年份""}}",0,7,15,0,0,5,0,0,0,5,0,0,0,5,2,2,0,13,22,0,0,0,0,0,0,0
city,山东省,威海市,18,46,,,,,,,,0,0,0,0,9,0,0,8,8,0,4,2,0,0,0,0,0,25,25,True,"{""actualBachelorEvidence"": 0, ""bachelorConditions"": 0, ""competition"": 40, ""current2027"": 20, ""employmentType"": 0, ""historicalCoverage"": 100, ""lifeData"": 25, ""plans"": 40, ""salary"": 0}","{""actualBachelorEvidence"": {""denominator"": 5, ""numerator"": 0, ""unit"": ""核心年份""}, ""bachelorConditions"": {""denominator"": 14, ""numerator"": 0, ""unit"": ""招聘记录""}, ""competition"": {""denominator"": 5, ""numerator"": 2, ""unit"": ""核心年份""}, ""current2027"": {""denominator"": 5, ""numerator"": 1, ""unit"": ""招聘路径""}, ""employmentType"": {""denominator"": 14, ""numerator"": 0, ""unit"": ""招聘记录""}, ""historicalCoverage"": {""denominator"": 5, ""numerator"": 5, ""unit"": ""区域-年份审计行""}, ""lifeData"": {""denominator"": 8, ""numerator"": 2, ""unit"": ""生活数据类别""}, ""plans"": {""denominator"": 5, ""numerator"": 2, ""unit"": ""核心年份""}, ""salary"": {""denominator"": 5, ""numerator"": 0, ""unit"": ""核心年份""}}",6,0,0,12,0,5,0,0,0,5,0,0,0,0,0,0,0,18,0,0,0,0,0,0,18,0
city,山东省,日照市,20,64,5,62,,,,,,0,0,0,0,9,0,0,8,7,0,4,0,0,0,0,0,0,42,42,True,"{""actualBachelorEvidence"": 0, ""bachelorConditions"": 80, ""competition"": 80, ""current2027"": 20, ""employmentType"": 0, ""historicalCoverage"": 100, ""lifeData"": 0, ""plans"": 100, ""salary"": 0}","{""actualBachelorEvidence"": {""denominator"": 5, ""numerator"": 0, ""unit"": ""核心年份""}, ""bachelorConditions"": {""denominator"": 15, ""numerator"": 12, ""unit"": ""招聘记录""}, ""competition"": {""denominator"": 5, ""numerator"": 4, ""unit"": ""核心年份""}, ""current2027"": {""denominator"": 5, ""numerator"": 1, ""unit"": ""招聘路径""}, ""employmentType"": {""denominator"": 15, ""numerator"": 0, ""unit"": ""招聘记录""}, ""historicalCoverage"": {""denominator"": 5, ""numerator"": 5, ""unit"": ""区域-年份审计行""}, ""lifeData"": {""denominator"": 8, ""numerator"": 0, ""unit"": ""生活数据类别""}, ""plans"": {""denominator"": 5, ""numerator"": 5, ""unit"": ""核心年份""}, ""salary"": {""denominator"": 5, ""numerator"": 0, ""unit"": ""核心年份""}}",0,0,2,18,0,5,0,0,0,5,0,0,0,7,4,0,0,9,0,0,0,0,0,0,20,0
city,山东省,临沂市,15,38,42,30,2,,,,,0,0,0,0,12,1,0,9,6,1,8,3,1,0,0,0,0,50,50,True,"{""actualBachelorEvidence"": 0, ""bachelorConditions"": 67, ""competition"": 100, ""current2027"": 60, ""employmentType"": 0, ""historicalCoverage"": 100, ""lifeData"": 25, ""plans"": 100, ""salary"": 0}","{""actualBachelorEvidence"": {""denominator"": 5, ""numerator"": 0, ""unit"": ""核心年份""}, ""bachelorConditions"": {""denominator"": 9, ""numerator"": 6, ""unit"": ""招聘记录""}, ""competition"": {""denominator"": 5, ""numerator"": 5, ""unit"": ""核心年份""}, ""current2027"": {""denominator"": 5, ""numerator"": 3, ""unit"": ""招聘路径""}, ""employmentType"": {""denominator"": 9, ""numerator"": 0, ""unit"": ""招聘记录""}, ""historicalCoverage"": {""denominator"": 5, ""numerator"": 5, ""unit"": ""区域-年份审计行""}, ""lifeData"": {""denominator"": 8, ""numerator"": 2, ""unit"": ""生活数据类别""}, ""plans"": {""denominator"": 5, ""numerator"": 5, ""unit"": ""核心年份""}, ""salary"": {""denominator"": 5, ""numerator"": 0, ""unit"": ""核心年份""}}",1,1,6,7,0,5,0,0,0,5,0,0,0,3,0,2,1,9,0,0,0,0,0,0,15,0
city,山东省,德州市,21,71,19,45,22,,,,,0,0,0,0,11,0,0,8,7,0,12,0,0,0,0,0,0,45,45,True,"{""actualBachelorEvidence"": 0, ""bachelorConditions"": 76, ""competition"": 100, ""current2027"": 20, ""employmentType"": 10, ""historicalCoverage"": 100, ""lifeData"": 0, ""plans"": 100, ""salary"": 0}","{""actualBachelorEvidence"": {""denominator"": 5, ""numerator"": 0, ""unit"": ""核心年份""}, ""bachelorConditions"": {""denominator"": 21, ""numerator"": 16, ""unit"": ""招聘记录""}, ""competition"": {""denominator"": 5, ""numerator"": 5, ""unit"": ""核心年份""}, ""current2027"": {""denominator"": 5, ""numerator"": 1, ""unit"": ""招聘路径""}, ""employmentType"": {""denominator"": 21, ""numerator"": 2, ""unit"": ""招聘记录""}, ""historicalCoverage"": {""denominator"": 5, ""numerator"": 5, ""unit"": ""区域-年份审计行""}, ""lifeData"": {""denominator"": 8, ""numerator"": 0, ""unit"": ""生活数据类别""}, ""plans"": {""denominator"": 5, ""numerator"": 5, ""unit"": ""核心年份""}, ""salary"": {""denominator"": 5, ""numerator"": 0, ""unit"": ""核心年份""}}",4,0,2,15,0,5,0,0,0,5,0,0,0,5,2,1,4,9,0,0,0,2,0,0,19,0
city,山东省,聊城市,23,35,22,26,2,,,,,0,0,0,0,15,2,0,12,9,0,26,0,0,0,0,0,0,43,43,True,"{""actualBachelorEvidence"": 0, ""bachelorConditions"": 45, ""competition"": 100, ""current2027"": 40, ""employmentType"": 5, ""historicalCoverage"": 100, ""lifeData"": 0, ""plans"": 100, ""salary"": 0}","{""actualBachelorEvidence"": {""denominator"": 5, ""numerator"": 0, ""unit"": ""核心年份""}, ""bachelorConditions"": {""denominator"": 20, ""numerator"": 9, ""unit"": ""招聘记录""}, ""competition"": {""denominator"": 5, ""numerator"": 5, ""unit"": ""核心年份""}, ""current2027"": {""denominator"": 5, ""numerator"": 2, ""unit"": ""招聘路径""}, ""employmentType"": {""denominator"": 20, ""numerator"": 1, ""unit"": ""招聘记录""}, ""historicalCoverage"": {""denominator"": 5, ""numerator"": 5, ""unit"": ""区域-年份审计行""}, ""lifeData"": {""denominator"": 8, ""numerator"": 0, ""unit"": ""生活数据类别""}, ""plans"": {""denominator"": 5, ""numerator"": 5, ""unit"": ""核心年份""}, ""salary"": {""denominator"": 5, ""numerator"": 0, ""unit"": ""核心年份""}}",1,0,1,21,0,5,0,0,0,5,0,0,0,1,2,1,0,19,2,0,0,0,0,0,21,0
city,山东省,滨州市,11,25,5,3,1,,,,,0,0,0,0,6,1,0,4,4,0,5,0,0,0,0,0,0,41,41,True,"{""actualBachelorEvidence"": 0, ""bachelorConditions"": 55, ""competition"": 80, ""current2027"": 20, ""employmentType"": 18, ""historicalCoverage"": 100, ""lifeData"": 0, ""plans"": 100, ""salary"": 0}","{""actualBachelorEvidence"": {""denominator"": 5, ""numerator"": 0, ""unit"": ""核心年份""}, ""bachelorConditions"": {""denominator"": 11, ""numerator"": 6, ""unit"": ""招聘记录""}, ""competition"": {""denominator"": 5, ""numerator"": 4, ""unit"": ""核心年份""}, ""current2027"": {""denominator"": 5, ""numerator"": 1, ""unit"": ""招聘路径""}, ""employmentType"": {""denominator"": 11, ""numerator"": 2, ""unit"": ""招聘记录""}, ""historicalCoverage"": {""denominator"": 5, ""numerator"": 5, ""unit"": ""区域-年份审计行""}, ""lifeData"": {""denominator"": 8, ""numerator"": 0, ""unit"": ""生活数据类别""}, ""plans"": {""denominator"": 5, ""numerator"": 5, ""unit"": ""核心年份""}, ""salary"": {""denominator"": 5, ""numerator"": 0, ""unit"": ""核心年份""}}",0,0,0,11,0,5,0,0,0,5,0,0,0,1,0,0,1,9,0,0,0,0,2,0,9,0
city,山东省,菏泽市,10,91,18,7,7,,,,,0,0,0,0,5,0,0,5,5,0,8,0,0,0,0,0,0,40,40,True,"{""actualBachelorEvidence"": 0, ""bachelorConditions"": 30, ""competition"": 100, ""current2027"": 20, ""employmentType"": 10, ""historicalCoverage"": 100, ""lifeData"": 0, ""plans"": 100, ""salary"": 0}","{""actualBachelorEvidence"": {""denominator"": 5, ""numerator"": 0, ""unit"": ""核心年份""}, ""bachelorConditions"": {""denominator"": 10, ""numerator"": 3, ""unit"": ""招聘记录""}, ""competition"": {""denominator"": 5, ""numerator"": 5, ""unit"": ""核心年份""}, ""current2027"": {""denominator"": 5, ""numerator"": 1, ""unit"": ""招聘路径""}, ""employmentType"": {""denominator"": 10, ""numerator"": 1, ""unit"": ""招聘记录""}, ""historicalCoverage"": {""denominator"": 5, ""numerator"": 5, ""unit"": ""区域-年份审计行""}, ""lifeData"": {""denominator"": 8, ""numerator"": 0, ""unit"": ""生活数据类别""}, ""plans"": {""denominator"": 5, ""numerator"": 5, ""unit"": ""核心年份""}, ""salary"": {""denominator"": 5, ""numerator"": 0, ""unit"": ""核心年份""}}",0,0,0,10,0,5,0,0,0,5,0,0,0,0,0,1,0,9,1,0,0,0,0,0,9,0
province,重庆市,,166,111,90,186,44,165,125,,,106,106,0,0,37,0,0,34,28,1,5,0,9,0,0,0,0,59,,True,"{""actualBachelorEvidence"": 100, ""bachelorConditions"": 84, ""competition"": 100, ""current2027"": 80, ""employmentType"": 0, ""historicalCoverage"": 65, ""lifeData"": 0, ""plans"": 100, ""salary"": 0}",{},158,2,6,0,0,36,0,0,19,36,0,0,19,1,67,10,23,65,0,0,0,0,0,0,166,0
city,重庆市,重庆市,166,111,90,186,44,165,125,,,106,106,0,0,37,0,0,34,28,1,5,0,9,0,0,0,0,59,59,True,"{""actualBachelorEvidence"": 100, ""bachelorConditions"": 84, ""competition"": 100, ""current2027"": 80, ""employmentType"": 0, ""historicalCoverage"": 65, ""lifeData"": 0, ""plans"": 100, ""salary"": 0}","{""actualBachelorEvidence"": {""denominator"": 5, ""numerator"": 5, ""unit"": ""核心年份""}, ""bachelorConditions"": {""denominator"": 140, ""numerator"": 117, ""unit"": ""招聘记录""}, ""competition"": {""denominator"": 5, ""numerator"": 5, ""unit"": ""核心年份""}, ""current2027"": {""denominator"": 5, ""numerator"": 4, ""unit"": ""招聘路径""}, ""employmentType"": {""denominator"": 140, ""numerator"": 0, ""unit"": ""招聘记录""}, ""historicalCoverage"": {""denominator"": 55, ""numerator"": 36, ""unit"": ""区域-年份审计行""}, ""lifeData"": {""denominator"": 8, ""numerator"": 0, ""unit"": ""生活数据类别""}, ""plans"": {""denominator"": 5, ""numerator"": 5, ""unit"": ""核心年份""}, ""salary"": {""denominator"": 5, ""numerator"": 0, ""unit"": ""核心年份""}}",158,2,6,0,0,36,0,0,19,36,0,0,19,1,67,10,23,65,0,0,0,0,0,0,166,0
province,广东省,,33,46,7,8,9,,,,,0,0,0,0,33,0,0,33,28,5,0,0,15,0,2,0,0,22,,True,"{""actualBachelorEvidence"": 0, ""bachelorConditions"": 0, ""competition"": 20, ""current2027"": 60, ""employmentType"": 0, ""historicalCoverage"": 100, ""lifeData"": 0, ""plans"": 20, ""salary"": 0}",{},28,5,0,0,0,19,0,0,0,19,0,0,0,0,0,0,5,28,5,0,0,0,0,0,28,0
city,广东省,深圳市,33,46,7,8,9,,,,,0,0,0,0,33,0,0,33,28,5,0,0,11,0,0,0,0,22,22,True,"{""actualBachelorEvidence"": 0, ""bachelorConditions"": 0, ""competition"": 20, ""current2027"": 60, ""employmentType"": 0, ""historicalCoverage"": 100, ""lifeData"": 0, ""plans"": 20, ""salary"": 0}","{""actualBachelorEvidence"": {""denominator"": 5, ""numerator"": 0, ""unit"": ""核心年份""}, ""bachelorConditions"": {""denominator"": 0, ""numerator"": 0, ""unit"": ""招聘记录""}, ""competition"": {""denominator"": 5, ""numerator"": 1, ""unit"": ""核心年份""}, ""current2027"": {""denominator"": 5, ""numerator"": 3, ""unit"": ""招聘路径""}, ""employmentType"": {""denominator"": 0, ""numerator"": 0, ""unit"": ""招聘记录""}, ""historicalCoverage"": {""denominator"": 19, ""numerator"": 19, ""unit"": ""区域-年份审计行""}, ""lifeData"": {""denominator"": 8, ""numerator"": 0, ""unit"": ""生活数据类别""}, ""plans"": {""denominator"": 5, ""numerator"": 1, ""unit"": ""核心年份""}, ""salary"": {""denominator"": 5, ""numerator"": 0, ""unit"": ""核心年份""}}",28,5,0,0,0,19,0,0,0,19,0,0,0,0,0,0,5,28,5,0,0,0,0,0,28,0
